ts_ms,executable,reason,gross,cost,net,traded,pnl
1700000000000,True,ok,80.20006597715792,38.599177376432635,41.600888600725284,True,41.600888600725284
1700000000500,True,ok,21.12693754116026,38.344677721648495,-17.217740180488235,False,0.0
1700000001000,True,ok,94.80600385124126,38.663045405936,56.142958445305254,True,56.142958445305254
1700000001500,True,ok,63.227088838209056,38.51920532822068,24.707883509988378,True,24.707883509988378
1700000002000,True,ok,64.13127654837945,38.5195689256432,25.611707622736247,True,25.611707622736247
1700000002500,True,ok,19.17118850461611,38.317290965090606,-19.146102460474495,False,0.0
1700000003000,True,ok,53.30520570625231,38.465989632172054,14.839216074080255,True,14.839216074080255
1700000003500,False,max-open-orders,0.0,0.0,0.0,False,0.0
1700000004000,False,max-open-orders,0.0,0.0,0.0,False,0.0
1700000004500,False,max-open-orders,0.0,0.0,0.0,False,0.0
1700000005000,False,max-open-orders,0.0,0.0,0.0,False,0.0
1700000005500,False,max-open-orders,0.0,0.0,0.0,False,0.0
1700000006000,False,max-open-orders,0.0,0.0,0.0,False,0.0
1700000006500,False,max-open-orders,0.0,0.0,0.0,False,0.0
1700000007000,False,max-open-orders,0.0,0.0,0.0,False,0.0
1700000007500,False,max-open-orders,0.0,0.0,0.0,False,0.0
1700000008000,False,max-open-orders,0.0,0.0,0.0,False,0.0
1700000008500,False,max-open-orders,0.0,0.0,0.0,False,0.0
1700000009000,False,max-open-orders,0.0,0.0,0.0,False,0.0
1700000009500,False,max-open-orders,0.0,0.0,0.0,False,0.0
1700000010000,False,max-open-orders,0.0,0.0,0.0,False,0.0
1700000010500,False,max-open-orders,0.0,0.0,0.0,False,0.0
1700000011000,False,max-open-orders,0.0,0.0,0.0,False,0.0
1700000011500,False,max-open-orders,0.0,0.0,0.0,False,0.0
1700000012000,False,max-open-orders,0.0,0.0,0.0,False,0.0
1700000012500,False,max-open-orders,0.0,0.0,0.0,False,0.0
1700000013000,False,max-open-orders,0.0,0.0,0.0,False,0.0
1700000013500,False,max-open-orders,0.0,0.0,0.0,False,0.0
1700000014000,False,max-open-orders,0.0,0.0,0.0,False,0.0
1700000014500,False,max-open-orders,0.0,0.0,0.0,False,0.0
1700000015000,False,max-open-orders,0.0,0.0,0.0,False,0.0
1700000015500,False,max-open-orders,0.0,0.0,0.0,False,0.0
1700000016000,False,max-open-orders,0.0,0.0,0.0,False,0.0
1700000016500,False,max-open-orders,0.0,0.0,0.0,False,0.0
1700000017000,False,max-open-orders,0.0,0.0,0.0,False,0.0
1700000017500,False,max-open-orders,0.0,0.0,0.0,False,0.0
1700000018000,False,max-open-orders,0.0,0.0,0.0,False,0.0
1700000018500,False,max-open-orders,0.0,0.0,0.0,False,0.0
1700000019000,False,max-open-orders,0.0,0.0,0.0,False,0.0
1700000019500,False,max-open-orders,0.0,0.0,0.0,False,0.0
1700000020000,False,max-open-orders,0.0,0.0,0.0,False,0.0
1700000020500,False,max-open-orders,0.0,0.0,0.0,False,0.0
1700000021000,False,max-open-orders,0.0,0.0,0.0,False,0.0
1700000021500,False,max-open-orders,0.0,0.0,0.0,False,0.0
1700000022000,False,max-open-orders,0.0,0.0,0.0,False,0.0
1700000022500,False,max-open-orders,0.0,0.0,0.0,False,0.0
1700000023000,False,max-open-orders,0.0,0.0,0.0,False,0.0
1700000023500,False,max-open-orders,0.0,0.0,0.0,False,0.0
1700000024000,False,max-open-orders,0.0,0.0,0.0,False,0.0
1700000024500,False,max-open-orders,0.0,0.0,0.0,False,0.0
1700000025000,False,max-open-orders,0.0,0.0,0.0,False,0.0
1700000025500,False,max-open-orders,0.0,0.0,0.0,False,0.0
1700000026000,False,max-open-orders,0.0,0.0,0.0,False,0.0
1700000026500,False,max-open-orders,0.0,0.0,0.0,False,0.0
1700000027000,False,max-open-orders,0.0,0.0,0.0,False,0.0
1700000027500,False,max-open-orders,0.0,0.0,0.0,False,0.0
1700000028000,False,max-open-orders,0.0,0.0,0.0,False,0.0
1700000028500,False,max-open-orders,0.0,0.0,0.0,False,0.0
1700000029000,False,max-open-orders,0.0,0.0,0.0,False,0.0
1700000029500,False,max-open-orders,0.0,0.0,0.0,False,0.0
1700000030000,False,max-open-orders,0.0,0.0,0.0,False,0.0
1700000030500,False,max-open-orders,0.0,0.0,0.0,False,0.0
1700000031000,False,max-open-orders,0.0,0.0,0.0,False,0.0
1700000031500,False,max-open-orders,0.0,0.0,0.0,False,0.0
1700000032000,False,max-open-orders,0.0,0.0,0.0,False,0.0
1700000032500,False,max-open-orders,0.0,0.0,0.0,False,0.0
1700000033000,False,max-open-orders,0.0,0.0,0.0,False,0.0
1700000033500,False,max-open-orders,0.0,0.0,0.0,False,0.0
1700000034000,False,max-open-orders,0.0,0.0,0.0,False,0.0
1700000034500,False,max-open-orders,0.0,0.0,0.0,False,0.0
1700000035000,False,max-open-orders,0.0,0.0,0.0,False,0.0
1700000035500,False,max-open-orders,0.0,0.0,0.0,False,0.0
1700000036000,False,max-open-orders,0.0,0.0,0.0,False,0.0
1700000036500,False,max-open-orders,0.0,0.0,0.0,False,0.0
1700000037000,False,max-open-orders,0.0,0.0,0.0,False,0.0
1700000037500,False,max-open-orders,0.0,0.0,0.0,False,0.0
1700000038000,False,max-open-orders,0.0,0.0,0.0,False,0.0
1700000038500,False,max-open-orders,0.0,0.0,0.0,False,0.0
1700000039000,False,max-open-orders,0.0,0.0,0.0,False,0.0
1700000039500,False,max-open-orders,0.0,0.0,0.0,False,0.0
1700000040000,False,max-open-orders,0.0,0.0,0.0,False,0.0
1700000040500,False,max-open-orders,0.0,0.0,0.0,False,0.0
1700000041000,False,max-open-orders,0.0,0.0,0.0,False,0.0
1700000041500,False,max-open-orders,0.0,0.0,0.0,False,0.0
1700000042000,False,max-open-orders,0.0,0.0,0.0,False,0.0
1700000042500,False,max-open-orders,0.0,0.0,0.0,False,0.0
1700000043000,False,max-open-orders,0.0,0.0,0.0,False,0.0
1700000043500,False,max-open-orders,0.0,0.0,0.0,False,0.0
1700000044000,False,max-open-orders,0.0,0.0,0.0,False,0.0
1700000044500,False,max-open-orders,0.0,0.0,0.0,False,0.0
1700000045000,False,max-open-orders,0.0,0.0,0.0,False,0.0
1700000045500,False,max-open-orders,0.0,0.0,0.0,False,0.0
1700000046000,False,max-open-orders,0.0,0.0,0.0,False,0.0
1700000046500,False,max-open-orders,0.0,0.0,0.0,False,0.0
1700000047000,False,max-open-orders,0.0,0.0,0.0,False,0.0
1700000047500,False,max-open-orders,0.0,0.0,0.0,False,0.0
1700000048000,False,max-open-orders,0.0,0.0,0.0,False,0.0
1700000048500,False,max-open-orders,0.0,0.0,0.0,False,0.0
1700000049000,False,max-open-orders,0.0,0.0,0.0,False,0.0
1700000049500,False,max-open-orders,0.0,0.0,0.0,False,0.0
1700000050000,False,max-open-orders,0.0,0.0,0.0,False,0.0
1700000050500,False,max-open-orders,0.0,0.0,0.0,False,0.0
1700000051000,False,max-open-orders,0.0,0.0,0.0,False,0.0
1700000051500,False,max-open-orders,0.0,0.0,0.0,False,0.0
1700000052000,False,max-open-orders,0.0,0.0,0.0,False,0.0
1700000052500,False,max-open-orders,0.0,0.0,0.0,False,0.0
1700000053000,False,max-open-orders,0.0,0.0,0.0,False,0.0
1700000053500,False,max-open-orders,0.0,0.0,0.0,False,0.0
1700000054000,False,max-open-orders,0.0,0.0,0.0,False,0.0
1700000054500,False,max-open-orders,0.0,0.0,0.0,False,0.0
1700000055000,False,max-open-orders,0.0,0.0,0.0,False,0.0
1700000055500,False,max-open-orders,0.0,0.0,0.0,False,0.0
1700000056000,False,max-open-orders,0.0,0.0,0.0,False,0.0
1700000056500,False,max-open-orders,0.0,0.0,0.0,False,0.0
1700000057000,False,max-open-orders,0.0,0.0,0.0,False,0.0
1700000057500,False,max-open-orders,0.0,0.0,0.0,False,0.0
1700000058000,False,max-open-orders,0.0,0.0,0.0,False,0.0
1700000058500,False,max-open-orders,0.0,0.0,0.0,False,0.0
1700000059000,False,max-open-orders,0.0,0.0,0.0,False,0.0
1700000059500,False,max-open-orders,0.0,0.0,0.0,False,0.0
1700000060000,False,max-open-orders,0.0,0.0,0.0,False,0.0
1700000060500,False,max-open-orders,0.0,0.0,0.0,False,0.0
1700000061000,False,max-open-orders,0.0,0.0,0.0,False,0.0
1700000061500,False,max-open-orders,0.0,0.0,0.0,False,0.0
1700000062000,False,max-open-orders,0.0,0.0,0.0,False,0.0
1700000062500,False,max-open-orders,0.0,0.0,0.0,False,0.0
1700000063000,False,max-open-orders,0.0,0.0,0.0,False,0.0
1700000063500,False,max-open-orders,0.0,0.0,0.0,False,0.0
1700000064000,False,max-open-orders,0.0,0.0,0.0,False,0.0
1700000064500,False,max-open-orders,0.0,0.0,0.0,False,0.0
1700000065000,False,max-open-orders,0.0,0.0,0.0,False,0.0
1700000065500,False,max-open-orders,0.0,0.0,0.0,False,0.0
1700000066000,False,max-open-orders,0.0,0.0,0.0,False,0.0
1700000066500,False,max-open-orders,0.0,0.0,0.0,False,0.0
1700000067000,False,max-open-orders,0.0,0.0,0.0,False,0.0
1700000067500,False,max-open-orders,0.0,0.0,0.0,False,0.0
1700000068000,False,max-open-orders,0.0,0.0,0.0,False,0.0
1700000068500,False,max-open-orders,0.0,0.0,0.0,False,0.0
1700000069000,False,max-open-orders,0.0,0.0,0.0,False,0.0
1700000069500,False,max-open-orders,0.0,0.0,0.0,False,0.0
1700000070000,False,max-open-orders,0.0,0.0,0.0,False,0.0
1700000070500,False,max-open-orders,0.0,0.0,0.0,False,0.0
1700000071000,False,max-open-orders,0.0,0.0,0.0,False,0.0
1700000071500,False,max-open-orders,0.0,0.0,0.0,False,0.0
1700000072000,False,max-open-orders,0.0,0.0,0.0,False,0.0
1700000072500,False,max-open-orders,0.0,0.0,0.0,False,0.0
1700000073000,False,max-open-orders,0.0,0.0,0.0,False,0.0
1700000073500,False,max-open-orders,0.0,0.0,0.0,False,0.0
1700000074000,False,max-open-orders,0.0,0.0,0.0,False,0.0
1700000074500,False,max-open-orders,0.0,0.0,0.0,False,0.0
1700000075000,False,max-open-orders,0.0,0.0,0.0,False,0.0
1700000075500,False,max-open-orders,0.0,0.0,0.0,False,0.0
1700000076000,False,max-open-orders,0.0,0.0,0.0,False,0.0
1700000076500,False,max-open-orders,0.0,0.0,0.0,False,0.0
1700000077000,False,max-open-orders,0.0,0.0,0.0,False,0.0
1700000077500,False,max-open-orders,0.0,0.0,0.0,False,0.0
1700000078000,False,max-open-orders,0.0,0.0,0.0,False,0.0
1700000078500,False,max-open-orders,0.0,0.0,0.0,False,0.0
1700000079000,False,max-open-orders,0.0,0.0,0.0,False,0.0
1700000079500,False,max-open-orders,0.0,0.0,0.0,False,0.0
1700000080000,False,max-open-orders,0.0,0.0,0.0,False,0.0
1700000080500,False,max-open-orders,0.0,0.0,0.0,False,0.0
1700000081000,False,max-open-orders,0.0,0.0,0.0,False,0.0
1700000081500,False,max-open-orders,0.0,0.0,0.0,False,0.0
1700000082000,False,max-open-orders,0.0,0.0,0.0,False,0.0
1700000082500,False,max-open-orders,0.0,0.0,0.0,False,0.0
1700000083000,False,max-open-orders,0.0,0.0,0.0,False,0.0
1700000083500,False,max-open-orders,0.0,0.0,0.0,False,0.0
1700000084000,False,max-open-orders,0.0,0.0,0.0,False,0.0
1700000084500,False,max-open-orders,0.0,0.0,0.0,False,0.0
1700000085000,False,max-open-orders,0.0,0.0,0.0,False,0.0
1700000085500,False,max-open-orders,0.0,0.0,0.0,False,0.0
1700000086000,False,max-open-orders,0.0,0.0,0.0,False,0.0
1700000086500,False,max-open-orders,0.0,0.0,0.0,False,0.0
1700000087000,False,max-open-orders,0.0,0.0,0.0,False,0.0
1700000087500,False,max-open-orders,0.0,0.0,0.0,False,0.0
1700000088000,False,max-open-orders,0.0,0.0,0.0,False,0.0
1700000088500,False,max-open-orders,0.0,0.0,0.0,False,0.0
1700000089000,False,max-open-orders,0.0,0.0,0.0,False,0.0
1700000089500,False,max-open-orders,0.0,0.0,0.0,False,0.0
1700000090000,False,max-open-orders,0.0,0.0,0.0,False,0.0
1700000090500,False,max-open-orders,0.0,0.0,0.0,False,0.0
1700000091000,False,max-open-orders,0.0,0.0,0.0,False,0.0
1700000091500,False,max-open-orders,0.0,0.0,0.0,False,0.0
1700000092000,False,max-open-orders,0.0,0.0,0.0,False,0.0
1700000092500,False,max-open-orders,0.0,0.0,0.0,False,0.0
1700000093000,False,max-open-orders,0.0,0.0,0.0,False,0.0
1700000093500,False,max-open-orders,0.0,0.0,0.0,False,0.0
1700000094000,False,max-open-orders,0.0,0.0,0.0,False,0.0
1700000094500,False,max-open-orders,0.0,0.0,0.0,False,0.0
1700000095000,False,max-open-orders,0.0,0.0,0.0,False,0.0
1700000095500,False,max-open-orders,0.0,0.0,0.0,False,0.0
1700000096000,False,max-open-orders,0.0,0.0,0.0,False,0.0
1700000096500,False,max-open-orders,0.0,0.0,0.0,False,0.0
1700000097000,False,max-open-orders,0.0,0.0,0.0,False,0.0
1700000097500,False,max-open-orders,0.0,0.0,0.0,False,0.0
1700000098000,False,max-open-orders,0.0,0.0,0.0,False,0.0
1700000098500,False,max-open-orders,0.0,0.0,0.0,False,0.0
1700000099000,False,max-open-orders,0.0,0.0,0.0,False,0.0
1700000099500,False,max-open-orders,0.0,0.0,0.0,False,0.0
1700000100000,False,max-open-orders,0.0,0.0,0.0,False,0.0
1700000100500,False,max-open-orders,0.0,0.0,0.0,False,0.0
1700000101000,False,max-open-orders,0.0,0.0,0.0,False,0.0
1700000101500,False,max-open-orders,0.0,0.0,0.0,False,0.0
1700000102000,False,max-open-orders,0.0,0.0,0.0,False,0.0
1700000102500,False,max-open-orders,0.0,0.0,0.0,False,0.0
1700000103000,False,max-open-orders,0.0,0.0,0.0,False,0.0
1700000103500,False,max-open-orders,0.0,0.0,0.0,False,0.0
1700000104000,False,max-open-orders,0.0,0.0,0.0,False,0.0
1700000104500,False,max-open-orders,0.0,0.0,0.0,False,0.0
1700000105000,False,max-open-orders,0.0,0.0,0.0,False,0.0
1700000105500,False,max-open-orders,0.0,0.0,0.0,False,0.0
1700000106000,False,max-open-orders,0.0,0.0,0.0,False,0.0
1700000106500,False,max-open-orders,0.0,0.0,0.0,False,0.0
1700000107000,False,max-open-orders,0.0,0.0,0.0,False,0.0
1700000107500,False,max-open-orders,0.0,0.0,0.0,False,0.0
1700000108000,False,max-open-orders,0.0,0.0,0.0,False,0.0
1700000108500,False,max-open-orders,0.0,0.0,0.0,False,0.0
1700000109000,False,max-open-orders,0.0,0.0,0.0,False,0.0
1700000109500,False,max-open-orders,0.0,0.0,0.0,False,0.0
1700000110000,False,max-open-orders,0.0,0.0,0.0,False,0.0
1700000110500,False,max-open-orders,0.0,0.0,0.0,False,0.0
1700000111000,False,max-open-orders,0.0,0.0,0.0,False,0.0
1700000111500,False,max-open-orders,0.0,0.0,0.0,False,0.0
1700000112000,False,max-open-orders,0.0,0.0,0.0,False,0.0
1700000112500,False,max-open-orders,0.0,0.0,0.0,False,0.0
1700000113000,False,max-open-orders,0.0,0.0,0.0,False,0.0
1700000113500,False,max-open-orders,0.0,0.0,0.0,False,0.0
1700000114000,False,max-open-orders,0.0,0.0,0.0,False,0.0
1700000114500,False,max-open-orders,0.0,0.0,0.0,False,0.0
1700000115000,False,max-open-orders,0.0,0.0,0.0,False,0.0
1700000115500,False,max-open-orders,0.0,0.0,0.0,False,0.0
1700000116000,False,max-open-orders,0.0,0.0,0.0,False,0.0
1700000116500,False,max-open-orders,0.0,0.0,0.0,False,0.0
1700000117000,False,max-open-orders,0.0,0.0,0.0,False,0.0
1700000117500,False,max-open-orders,0.0,0.0,0.0,False,0.0
1700000118000,False,max-open-orders,0.0,0.0,0.0,False,0.0
1700000118500,False,max-open-orders,0.0,0.0,0.0,False,0.0
1700000119000,False,max-open-orders,0.0,0.0,0.0,False,0.0
1700000119500,False,max-open-orders,0.0,0.0,0.0,False,0.0
1700000120000,False,max-open-orders,0.0,0.0,0.0,False,0.0
1700000120500,False,max-open-orders,0.0,0.0,0.0,False,0.0
1700000121000,False,max-open-orders,0.0,0.0,0.0,False,0.0
1700000121500,False,max-open-orders,0.0,0.0,0.0,False,0.0
1700000122000,False,max-open-orders,0.0,0.0,0.0,False,0.0
1700000122500,False,max-open-orders,0.0,0.0,0.0,False,0.0
1700000123000,False,max-open-orders,0.0,0.0,0.0,False,0.0
1700000123500,False,max-open-orders,0.0,0.0,0.0,False,0.0
1700000124000,False,max-open-orders,0.0,0.0,0.0,False,0.0
1700000124500,False,max-open-orders,0.0,0.0,0.0,False,0.0
1700000125000,False,max-open-orders,0.0,0.0,0.0,False,0.0
1700000125500,False,max-open-orders,0.0,0.0,0.0,False,0.0
1700000126000,False,max-open-orders,0.0,0.0,0.0,False,0.0
1700000126500,False,max-open-orders,0.0,0.0,0.0,False,0.0
1700000127000,False,max-open-orders,0.0,0.0,0.0,False,0.0
1700000127500,False,max-open-orders,0.0,0.0,0.0,False,0.0
1700000128000,False,max-open-orders,0.0,0.0,0.0,False,0.0
1700000128500,False,max-open-orders,0.0,0.0,0.0,False,0.0
1700000129000,False,max-open-orders,0.0,0.0,0.0,False,0.0
1700000129500,False,max-open-orders,0.0,0.0,0.0,False,0.0
1700000130000,False,max-open-orders,0.0,0.0,0.0,False,0.0
1700000130500,False,max-open-orders,0.0,0.0,0.0,False,0.0
1700000131000,False,max-open-orders,0.0,0.0,0.0,False,0.0
1700000131500,False,max-open-orders,0.0,0.0,0.0,False,0.0
1700000132000,False,max-open-orders,0.0,0.0,0.0,False,0.0
1700000132500,False,max-open-orders,0.0,0.0,0.0,False,0.0
1700000133000,False,max-open-orders,0.0,0.0,0.0,False,0.0
1700000133500,False,max-open-orders,0.0,0.0,0.0,False,0.0
1700000134000,False,max-open-orders,0.0,0.0,0.0,False,0.0
1700000134500,False,max-open-orders,0.0,0.0,0.0,False,0.0
1700000135000,False,max-open-orders,0.0,0.0,0.0,False,0.0
1700000135500,False,max-open-orders,0.0,0.0,0.0,False,0.0
1700000136000,False,max-open-orders,0.0,0.0,0.0,False,0.0
1700000136500,False,max-open-orders,0.0,0.0,0.0,False,0.0
1700000137000,False,max-open-orders,0.0,0.0,0.0,False,0.0
1700000137500,False,max-open-orders,0.0,0.0,0.0,False,0.0
1700000138000,False,max-open-orders,0.0,0.0,0.0,False,0.0
1700000138500,False,max-open-orders,0.0,0.0,0.0,False,0.0
1700000139000,False,max-open-orders,0.0,0.0,0.0,False,0.0
1700000139500,False,max-open-orders,0.0,0.0,0.0,False,0.0
1700000140000,False,max-open-orders,0.0,0.0,0.0,False,0.0
1700000140500,False,max-open-orders,0.0,0.0,0.0,False,0.0
1700000141000,False,max-open-orders,0.0,0.0,0.0,False,0.0
1700000141500,False,max-open-orders,0.0,0.0,0.0,False,0.0
1700000142000,False,max-open-orders,0.0,0.0,0.0,False,0.0
1700000142500,False,max-open-orders,0.0,0.0,0.0,False,0.0
1700000143000,False,max-open-orders,0.0,0.0,0.0,False,0.0
1700000143500,False,max-open-orders,0.0,0.0,0.0,False,0.0
1700000144000,False,max-open-orders,0.0,0.0,0.0,False,0.0
1700000144500,False,max-open-orders,0.0,0.0,0.0,False,0.0
1700000145000,False,max-open-orders,0.0,0.0,0.0,False,0.0
1700000145500,False,max-open-orders,0.0,0.0,0.0,False,0.0
1700000146000,False,max-open-orders,0.0,0.0,0.0,False,0.0
1700000146500,False,max-open-orders,0.0,0.0,0.0,False,0.0
1700000147000,False,max-open-orders,0.0,0.0,0.0,False,0.0
1700000147500,False,max-open-orders,0.0,0.0,0.0,False,0.0
1700000148000,False,max-open-orders,0.0,0.0,0.0,False,0.0
1700000148500,False,max-open-orders,0.0,0.0,0.0,False,0.0
1700000149000,False,max-open-orders,0.0,0.0,0.0,False,0.0
1700000149500,False,max-open-orders,0.0,0.0,0.0,False,0.0
1700000150000,False,max-open-orders,0.0,0.0,0.0,False,0.0
1700000150500,False,max-open-orders,0.0,0.0,0.0,False,0.0
1700000151000,False,max-open-orders,0.0,0.0,0.0,False,0.0
1700000151500,False,max-open-orders,0.0,0.0,0.0,False,0.0
1700000152000,False,max-open-orders,0.0,0.0,0.0,False,0.0
1700000152500,False,max-open-orders,0.0,0.0,0.0,False,0.0
1700000153000,False,max-open-orders,0.0,0.0,0.0,False,0.0
1700000153500,False,max-open-orders,0.0,0.0,0.0,False,0.0
1700000154000,False,max-open-orders,0.0,0.0,0.0,False,0.0
1700000154500,False,max-open-orders,0.0,0.0,0.0,False,0.0
1700000155000,False,max-open-orders,0.0,0.0,0.0,False,0.0
1700000155500,False,max-open-orders,0.0,0.0,0.0,False,0.0
1700000156000,False,max-open-orders,0.0,0.0,0.0,False,0.0
1700000156500,False,max-open-orders,0.0,0.0,0.0,False,0.0
1700000157000,False,max-open-orders,0.0,0.0,0.0,False,0.0
1700000157500,False,max-open-orders,0.0,0.0,0.0,False,0.0
1700000158000,False,max-open-orders,0.0,0.0,0.0,False,0.0
1700000158500,False,max-open-orders,0.0,0.0,0.0,False,0.0
1700000159000,False,max-open-orders,0.0,0.0,0.0,False,0.0
1700000159500,False,max-open-orders,0.0,0.0,0.0,False,0.0
1700000160000,False,max-open-orders,0.0,0.0,0.0,False,0.0
1700000160500,False,max-open-orders,0.0,0.0,0.0,False,0.0
1700000161000,False,max-open-orders,0.0,0.0,0.0,False,0.0
1700000161500,False,max-open-orders,0.0,0.0,0.0,False,0.0
1700000162000,False,max-open-orders,0.0,0.0,0.0,False,0.0
1700000162500,False,max-open-orders,0.0,0.0,0.0,False,0.0
1700000163000,False,max-open-orders,0.0,0.0,0.0,False,0.0
1700000163500,False,max-open-orders,0.0,0.0,0.0,False,0.0
1700000164000,False,max-open-orders,0.0,0.0,0.0,False,0.0
1700000164500,False,max-open-orders,0.0,0.0,0.0,False,0.0
1700000165000,False,max-open-orders,0.0,0.0,0.0,False,0.0
1700000165500,False,max-open-orders,0.0,0.0,0.0,False,0.0
1700000166000,False,max-open-orders,0.0,0.0,0.0,False,0.0
1700000166500,False,max-open-orders,0.0,0.0,0.0,False,0.0
1700000167000,False,max-open-orders,0.0,0.0,0.0,False,0.0
1700000167500,False,max-open-orders,0.0,0.0,0.0,False,0.0
1700000168000,False,max-open-orders,0.0,0.0,0.0,False,0.0
1700000168500,False,max-open-orders,0.0,0.0,0.0,False,0.0
1700000169000,False,max-open-orders,0.0,0.0,0.0,False,0.0
1700000169500,False,max-open-orders,0.0,0.0,0.0,False,0.0
1700000170000,False,max-open-orders,0.0,0.0,0.0,False,0.0
1700000170500,False,max-open-orders,0.0,0.0,0.0,False,0.0
1700000171000,False,max-open-orders,0.0,0.0,0.0,False,0.0
1700000171500,False,max-open-orders,0.0,0.0,0.0,False,0.0
1700000172000,False,max-open-orders,0.0,0.0,0.0,False,0.0
1700000172500,False,max-open-orders,0.0,0.0,0.0,False,0.0
1700000173000,False,max-open-orders,0.0,0.0,0.0,False,0.0
1700000173500,False,max-open-orders,0.0,0.0,0.0,False,0.0
1700000174000,False,max-open-orders,0.0,0.0,0.0,False,0.0
1700000174500,False,max-open-orders,0.0,0.0,0.0,False,0.0
1700000175000,False,max-open-orders,0.0,0.0,0.0,False,0.0
1700000175500,False,max-open-orders,0.0,0.0,0.0,False,0.0
1700000176000,False,max-open-orders,0.0,0.0,0.0,False,0.0
1700000176500,False,max-open-orders,0.0,0.0,0.0,False,0.0
1700000177000,False,max-open-orders,0.0,0.0,0.0,False,0.0
1700000177500,False,max-open-orders,0.0,0.0,0.0,False,0.0
1700000178000,False,max-open-orders,0.0,0.0,0.0,False,0.0
1700000178500,False,max-open-orders,0.0,0.0,0.0,False,0.0
1700000179000,False,max-open-orders,0.0,0.0,0.0,False,0.0
1700000179500,False,max-open-orders,0.0,0.0,0.0,False,0.0
1700000180000,False,max-open-orders,0.0,0.0,0.0,False,0.0
1700000180500,False,max-open-orders,0.0,0.0,0.0,False,0.0
1700000181000,False,max-open-orders,0.0,0.0,0.0,False,0.0
1700000181500,False,max-open-orders,0.0,0.0,0.0,False,0.0
1700000182000,False,max-open-orders,0.0,0.0,0.0,False,0.0
1700000182500,False,max-open-orders,0.0,0.0,0.0,False,0.0
1700000183000,False,max-open-orders,0.0,0.0,0.0,False,0.0
1700000183500,False,max-open-orders,0.0,0.0,0.0,False,0.0
1700000184000,False,max-open-orders,0.0,0.0,0.0,False,0.0
1700000184500,False,max-open-orders,0.0,0.0,0.0,False,0.0
1700000185000,False,max-open-orders,0.0,0.0,0.0,False,0.0
1700000185500,False,max-open-orders,0.0,0.0,0.0,False,0.0
1700000186000,False,max-open-orders,0.0,0.0,0.0,False,0.0
1700000186500,False,max-open-orders,0.0,0.0,0.0,False,0.0
1700000187000,False,max-open-orders,0.0,0.0,0.0,False,0.0
1700000187500,False,max-open-orders,0.0,0.0,0.0,False,0.0
1700000188000,False,max-open-orders,0.0,0.0,0.0,False,0.0
1700000188500,False,max-open-orders,0.0,0.0,0.0,False,0.0
1700000189000,False,max-open-orders,0.0,0.0,0.0,False,0.0
1700000189500,False,max-open-orders,0.0,0.0,0.0,False,0.0
1700000190000,False,max-open-orders,0.0,0.0,0.0,False,0.0
1700000190500,False,max-open-orders,0.0,0.0,0.0,False,0.0
1700000191000,False,max-open-orders,0.0,0.0,0.0,False,0.0
1700000191500,False,max-open-orders,0.0,0.0,0.0,False,0.0
1700000192000,False,max-open-orders,0.0,0.0,0.0,False,0.0
1700000192500,False,max-open-orders,0.0,0.0,0.0,False,0.0
1700000193000,False,max-open-orders,0.0,0.0,0.0,False,0.0
1700000193500,False,max-open-orders,0.0,0.0,0.0,False,0.0
1700000194000,False,max-open-orders,0.0,0.0,0.0,False,0.0
1700000194500,False,max-open-orders,0.0,0.0,0.0,False,0.0
1700000195000,False,max-open-orders,0.0,0.0,0.0,False,0.0
1700000195500,False,max-open-orders,0.0,0.0,0.0,False,0.0
1700000196000,False,max-open-orders,0.0,0.0,0.0,False,0.0
1700000196500,False,max-open-orders,0.0,0.0,0.0,False,0.0
1700000197000,False,max-open-orders,0.0,0.0,0.0,False,0.0
1700000197500,False,max-open-orders,0.0,0.0,0.0,False,0.0
1700000198000,False,max-open-orders,0.0,0.0,0.0,False,0.0
1700000198500,False,max-open-orders,0.0,0.0,0.0,False,0.0
1700000199000,False,max-open-orders,0.0,0.0,0.0,False,0.0
1700000199500,False,max-open-orders,0.0,0.0,0.0,False,0.0
1700000200000,False,max-open-orders,0.0,0.0,0.0,False,0.0
1700000200500,False,max-open-orders,0.0,0.0,0.0,False,0.0
1700000201000,False,max-open-orders,0.0,0.0,0.0,False,0.0
1700000201500,False,max-open-orders,0.0,0.0,0.0,False,0.0
1700000202000,False,max-open-orders,0.0,0.0,0.0,False,0.0
1700000202500,False,max-open-orders,0.0,0.0,0.0,False,0.0
1700000203000,False,max-open-orders,0.0,0.0,0.0,False,0.0
1700000203500,False,max-open-orders,0.0,0.0,0.0,False,0.0
1700000204000,False,max-open-orders,0.0,0.0,0.0,False,0.0
1700000204500,False,max-open-orders,0.0,0.0,0.0,False,0.0
1700000205000,False,max-open-orders,0.0,0.0,0.0,False,0.0
1700000205500,False,max-open-orders,0.0,0.0,0.0,False,0.0
1700000206000,False,max-open-orders,0.0,0.0,0.0,False,0.0
1700000206500,False,max-open-orders,0.0,0.0,0.0,False,0.0
1700000207000,False,max-open-orders,0.0,0.0,0.0,False,0.0
1700000207500,False,max-open-orders,0.0,0.0,0.0,False,0.0
1700000208000,False,max-open-orders,0.0,0.0,0.0,False,0.0
1700000208500,False,max-open-orders,0.0,0.0,0.0,False,0.0
1700000209000,False,max-open-orders,0.0,0.0,0.0,False,0.0
1700000209500,False,max-open-orders,0.0,0.0,0.0,False,0.0
1700000210000,False,max-open-orders,0.0,0.0,0.0,False,0.0
1700000210500,False,max-open-orders,0.0,0.0,0.0,False,0.0
1700000211000,False,max-open-orders,0.0,0.0,0.0,False,0.0
1700000211500,False,max-open-orders,0.0,0.0,0.0,False,0.0
1700000212000,False,max-open-orders,0.0,0.0,0.0,False,0.0
1700000212500,False,max-open-orders,0.0,0.0,0.0,False,0.0
1700000213000,False,max-open-orders,0.0,0.0,0.0,False,0.0
1700000213500,False,max-open-orders,0.0,0.0,0.0,False,0.0
1700000214000,False,max-open-orders,0.0,0.0,0.0,False,0.0
1700000214500,False,max-open-orders,0.0,0.0,0.0,False,0.0
1700000215000,False,max-open-orders,0.0,0.0,0.0,False,0.0
1700000215500,False,max-open-orders,0.0,0.0,0.0,False,0.0
1700000216000,False,max-open-orders,0.0,0.0,0.0,False,0.0
1700000216500,False,max-open-orders,0.0,0.0,0.0,False,0.0
1700000217000,False,max-open-orders,0.0,0.0,0.0,False,0.0
1700000217500,False,max-open-orders,0.0,0.0,0.0,False,0.0
1700000218000,False,max-open-orders,0.0,0.0,0.0,False,0.0
1700000218500,False,max-open-orders,0.0,0.0,0.0,False,0.0
1700000219000,False,max-open-orders,0.0,0.0,0.0,False,0.0
1700000219500,False,max-open-orders,0.0,0.0,0.0,False,0.0
1700000220000,False,max-open-orders,0.0,0.0,0.0,False,0.0
1700000220500,False,max-open-orders,0.0,0.0,0.0,False,0.0
1700000221000,False,max-open-orders,0.0,0.0,0.0,False,0.0
1700000221500,False,max-open-orders,0.0,0.0,0.0,False,0.0
1700000222000,False,max-open-orders,0.0,0.0,0.0,False,0.0
1700000222500,False,max-open-orders,0.0,0.0,0.0,False,0.0
1700000223000,False,max-open-orders,0.0,0.0,0.0,False,0.0
1700000223500,False,max-open-orders,0.0,0.0,0.0,False,0.0
1700000224000,False,max-open-orders,0.0,0.0,0.0,False,0.0
1700000224500,False,max-open-orders,0.0,0.0,0.0,False,0.0
1700000225000,False,max-open-orders,0.0,0.0,0.0,False,0.0
1700000225500,False,max-open-orders,0.0,0.0,0.0,False,0.0
1700000226000,False,max-open-orders,0.0,0.0,0.0,False,0.0
1700000226500,False,max-open-orders,0.0,0.0,0.0,False,0.0
1700000227000,False,max-open-orders,0.0,0.0,0.0,False,0.0
1700000227500,False,max-open-orders,0.0,0.0,0.0,False,0.0
1700000228000,False,max-open-orders,0.0,0.0,0.0,False,0.0
1700000228500,False,max-open-orders,0.0,0.0,0.0,False,0.0
1700000229000,False,max-open-orders,0.0,0.0,0.0,False,0.0
1700000229500,False,max-open-orders,0.0,0.0,0.0,False,0.0
1700000230000,False,max-open-orders,0.0,0.0,0.0,False,0.0
1700000230500,False,max-open-orders,0.0,0.0,0.0,False,0.0
1700000231000,False,max-open-orders,0.0,0.0,0.0,False,0.0
1700000231500,False,max-open-orders,0.0,0.0,0.0,False,0.0
1700000232000,False,max-open-orders,0.0,0.0,0.0,False,0.0
1700000232500,False,max-open-orders,0.0,0.0,0.0,False,0.0
1700000233000,False,max-open-orders,0.0,0.0,0.0,False,0.0
1700000233500,False,max-open-orders,0.0,0.0,0.0,False,0.0
1700000234000,False,max-open-orders,0.0,0.0,0.0,False,0.0
1700000234500,False,max-open-orders,0.0,0.0,0.0,False,0.0
1700000235000,False,max-open-orders,0.0,0.0,0.0,False,0.0
1700000235500,False,max-open-orders,0.0,0.0,0.0,False,0.0
1700000236000,False,max-open-orders,0.0,0.0,0.0,False,0.0
1700000236500,False,max-open-orders,0.0,0.0,0.0,False,0.0
1700000237000,False,max-open-orders,0.0,0.0,0.0,False,0.0
1700000237500,False,max-open-orders,0.0,0.0,0.0,False,0.0
1700000238000,False,max-open-orders,0.0,0.0,0.0,False,0.0
1700000238500,False,max-open-orders,0.0,0.0,0.0,False,0.0
1700000239000,False,max-open-orders,0.0,0.0,0.0,False,0.0
1700000239500,False,max-open-orders,0.0,0.0,0.0,False,0.0
1700000240000,False,max-open-orders,0.0,0.0,0.0,False,0.0
1700000240500,False,max-open-orders,0.0,0.0,0.0,False,0.0
1700000241000,False,max-open-orders,0.0,0.0,0.0,False,0.0
1700000241500,False,max-open-orders,0.0,0.0,0.0,False,0.0
1700000242000,False,max-open-orders,0.0,0.0,0.0,False,0.0
1700000242500,False,max-open-orders,0.0,0.0,0.0,False,0.0
1700000243000,False,max-open-orders,0.0,0.0,0.0,False,0.0
1700000243500,False,max-open-orders,0.0,0.0,0.0,False,0.0
1700000244000,False,max-open-orders,0.0,0.0,0.0,False,0.0
1700000244500,False,max-open-orders,0.0,0.0,0.0,False,0.0
1700000245000,False,max-open-orders,0.0,0.0,0.0,False,0.0
1700000245500,False,max-open-orders,0.0,0.0,0.0,False,0.0
1700000246000,False,max-open-orders,0.0,0.0,0.0,False,0.0
1700000246500,False,max-open-orders,0.0,0.0,0.0,False,0.0
1700000247000,False,max-open-orders,0.0,0.0,0.0,False,0.0
1700000247500,False,max-open-orders,0.0,0.0,0.0,False,0.0
1700000248000,False,max-open-orders,0.0,0.0,0.0,False,0.0
1700000248500,False,max-open-orders,0.0,0.0,0.0,False,0.0
1700000249000,False,max-open-orders,0.0,0.0,0.0,False,0.0
1700000249500,False,max-open-orders,0.0,0.0,0.0,False,0.0
1700000250000,False,max-open-orders,0.0,0.0,0.0,False,0.0
1700000250500,False,max-open-orders,0.0,0.0,0.0,False,0.0
1700000251000,False,max-open-orders,0.0,0.0,0.0,False,0.0
1700000251500,False,max-open-orders,0.0,0.0,0.0,False,0.0
1700000252000,False,max-open-orders,0.0,0.0,0.0,False,0.0
1700000252500,False,max-open-orders,0.0,0.0,0.0,False,0.0
1700000253000,False,max-open-orders,0.0,0.0,0.0,False,0.0
1700000253500,False,max-open-orders,0.0,0.0,0.0,False,0.0
1700000254000,False,max-open-orders,0.0,0.0,0.0,False,0.0
1700000254500,False,max-open-orders,0.0,0.0,0.0,False,0.0
1700000255000,False,max-open-orders,0.0,0.0,0.0,False,0.0
1700000255500,False,max-open-orders,0.0,0.0,0.0,False,0.0
1700000256000,False,max-open-orders,0.0,0.0,0.0,False,0.0
1700000256500,False,max-open-orders,0.0,0.0,0.0,False,0.0
1700000257000,False,max-open-orders,0.0,0.0,0.0,False,0.0
1700000257500,False,max-open-orders,0.0,0.0,0.0,False,0.0
1700000258000,False,max-open-orders,0.0,0.0,0.0,False,0.0
1700000258500,False,max-open-orders,0.0,0.0,0.0,False,0.0
1700000259000,False,max-open-orders,0.0,0.0,0.0,False,0.0
1700000259500,False,max-open-orders,0.0,0.0,0.0,False,0.0
1700000260000,False,max-open-orders,0.0,0.0,0.0,False,0.0
1700000260500,False,max-open-orders,0.0,0.0,0.0,False,0.0
1700000261000,False,max-open-orders,0.0,0.0,0.0,False,0.0
1700000261500,False,max-open-orders,0.0,0.0,0.0,False,0.0
1700000262000,False,max-open-orders,0.0,0.0,0.0,False,0.0
1700000262500,False,max-open-orders,0.0,0.0,0.0,False,0.0
1700000263000,False,max-open-orders,0.0,0.0,0.0,False,0.0
1700000263500,False,max-open-orders,0.0,0.0,0.0,False,0.0
1700000264000,False,max-open-orders,0.0,0.0,0.0,False,0.0
1700000264500,False,max-open-orders,0.0,0.0,0.0,False,0.0
1700000265000,False,max-open-orders,0.0,0.0,0.0,False,0.0
1700000265500,False,max-open-orders,0.0,0.0,0.0,False,0.0
1700000266000,False,max-open-orders,0.0,0.0,0.0,False,0.0
1700000266500,False,max-open-orders,0.0,0.0,0.0,False,0.0
1700000267000,False,max-open-orders,0.0,0.0,0.0,False,0.0
1700000267500,False,max-open-orders,0.0,0.0,0.0,False,0.0
1700000268000,False,max-open-orders,0.0,0.0,0.0,False,0.0
1700000268500,False,max-open-orders,0.0,0.0,0.0,False,0.0
1700000269000,False,max-open-orders,0.0,0.0,0.0,False,0.0
1700000269500,False,max-open-orders,0.0,0.0,0.0,False,0.0
1700000270000,False,max-open-orders,0.0,0.0,0.0,False,0.0
1700000270500,False,max-open-orders,0.0,0.0,0.0,False,0.0
1700000271000,False,max-open-orders,0.0,0.0,0.0,False,0.0
1700000271500,False,max-open-orders,0.0,0.0,0.0,False,0.0
1700000272000,False,max-open-orders,0.0,0.0,0.0,False,0.0
1700000272500,False,max-open-orders,0.0,0.0,0.0,False,0.0
1700000273000,False,max-open-orders,0.0,0.0,0.0,False,0.0
1700000273500,False,max-open-orders,0.0,0.0,0.0,False,0.0
1700000274000,False,max-open-orders,0.0,0.0,0.0,False,0.0
1700000274500,False,max-open-orders,0.0,0.0,0.0,False,0.0
1700000275000,False,max-open-orders,0.0,0.0,0.0,False,0.0
1700000275500,False,max-open-orders,0.0,0.0,0.0,False,0.0
1700000276000,False,max-open-orders,0.0,0.0,0.0,False,0.0
1700000276500,False,max-open-orders,0.0,0.0,0.0,False,0.0
1700000277000,False,max-open-orders,0.0,0.0,0.0,False,0.0
1700000277500,False,max-open-orders,0.0,0.0,0.0,False,0.0
1700000278000,False,max-open-orders,0.0,0.0,0.0,False,0.0
1700000278500,False,max-open-orders,0.0,0.0,0.0,False,0.0
1700000279000,False,max-open-orders,0.0,0.0,0.0,False,0.0
1700000279500,False,max-open-orders,0.0,0.0,0.0,False,0.0
1700000280000,False,max-open-orders,0.0,0.0,0.0,False,0.0
1700000280500,False,max-open-orders,0.0,0.0,0.0,False,0.0
1700000281000,False,max-open-orders,0.0,0.0,0.0,False,0.0
1700000281500,False,max-open-orders,0.0,0.0,0.0,False,0.0
1700000282000,False,max-open-orders,0.0,0.0,0.0,False,0.0
1700000282500,False,max-open-orders,0.0,0.0,0.0,False,0.0
1700000283000,False,max-open-orders,0.0,0.0,0.0,False,0.0
1700000283500,False,max-open-orders,0.0,0.0,0.0,False,0.0
1700000284000,False,max-open-orders,0.0,0.0,0.0,False,0.0
1700000284500,False,max-open-orders,0.0,0.0,0.0,False,0.0
1700000285000,False,max-open-orders,0.0,0.0,0.0,False,0.0
1700000285500,False,max-open-orders,0.0,0.0,0.0,False,0.0
1700000286000,False,max-open-orders,0.0,0.0,0.0,False,0.0
1700000286500,False,max-open-orders,0.0,0.0,0.0,False,0.0
1700000287000,False,max-open-orders,0.0,0.0,0.0,False,0.0
1700000287500,False,max-open-orders,0.0,0.0,0.0,False,0.0
1700000288000,False,max-open-orders,0.0,0.0,0.0,False,0.0
1700000288500,False,max-open-orders,0.0,0.0,0.0,False,0.0
1700000289000,False,max-open-orders,0.0,0.0,0.0,False,0.0
1700000289500,False,max-open-orders,0.0,0.0,0.0,False,0.0
1700000290000,False,max-open-orders,0.0,0.0,0.0,False,0.0
1700000290500,False,max-open-orders,0.0,0.0,0.0,False,0.0
1700000291000,False,max-open-orders,0.0,0.0,0.0,False,0.0
1700000291500,False,max-open-orders,0.0,0.0,0.0,False,0.0
1700000292000,False,max-open-orders,0.0,0.0,0.0,False,0.0
1700000292500,False,max-open-orders,0.0,0.0,0.0,False,0.0
1700000293000,False,max-open-orders,0.0,0.0,0.0,False,0.0
1700000293500,False,max-open-orders,0.0,0.0,0.0,False,0.0
1700000294000,False,max-open-orders,0.0,0.0,0.0,False,0.0
1700000294500,False,max-open-orders,0.0,0.0,0.0,False,0.0
1700000295000,False,max-open-orders,0.0,0.0,0.0,False,0.0
1700000295500,False,max-open-orders,0.0,0.0,0.0,False,0.0
1700000296000,False,max-open-orders,0.0,0.0,0.0,False,0.0
1700000296500,False,max-open-orders,0.0,0.0,0.0,False,0.0
1700000297000,False,max-open-orders,0.0,0.0,0.0,False,0.0
1700000297500,False,max-open-orders,0.0,0.0,0.0,False,0.0
1700000298000,False,max-open-orders,0.0,0.0,0.0,False,0.0
1700000298500,False,max-open-orders,0.0,0.0,0.0,False,0.0
1700000299000,False,max-open-orders,0.0,0.0,0.0,False,0.0
1700000299500,False,max-open-orders,0.0,0.0,0.0,False,0.0
1700000300000,False,max-open-orders,0.0,0.0,0.0,False,0.0
1700000300500,False,max-open-orders,0.0,0.0,0.0,False,0.0
1700000301000,False,max-open-orders,0.0,0.0,0.0,False,0.0
1700000301500,False,max-open-orders,0.0,0.0,0.0,False,0.0
1700000302000,False,max-open-orders,0.0,0.0,0.0,False,0.0
1700000302500,False,max-open-orders,0.0,0.0,0.0,False,0.0
1700000303000,False,max-open-orders,0.0,0.0,0.0,False,0.0
1700000303500,False,max-open-orders,0.0,0.0,0.0,False,0.0
1700000304000,False,max-open-orders,0.0,0.0,0.0,False,0.0
1700000304500,False,max-open-orders,0.0,0.0,0.0,False,0.0
1700000305000,False,max-open-orders,0.0,0.0,0.0,False,0.0
1700000305500,False,max-open-orders,0.0,0.0,0.0,False,0.0
1700000306000,False,max-open-orders,0.0,0.0,0.0,False,0.0
1700000306500,False,max-open-orders,0.0,0.0,0.0,False,0.0
1700000307000,False,max-open-orders,0.0,0.0,0.0,False,0.0
1700000307500,False,max-open-orders,0.0,0.0,0.0,False,0.0
1700000308000,False,max-open-orders,0.0,0.0,0.0,False,0.0
1700000308500,False,max-open-orders,0.0,0.0,0.0,False,0.0
1700000309000,False,max-open-orders,0.0,0.0,0.0,False,0.0
1700000309500,False,max-open-orders,0.0,0.0,0.0,False,0.0
1700000310000,False,max-open-orders,0.0,0.0,0.0,False,0.0
1700000310500,False,max-open-orders,0.0,0.0,0.0,False,0.0
1700000311000,False,max-open-orders,0.0,0.0,0.0,False,0.0
1700000311500,False,max-open-orders,0.0,0.0,0.0,False,0.0
1700000312000,False,max-open-orders,0.0,0.0,0.0,False,0.0
1700000312500,False,max-open-orders,0.0,0.0,0.0,False,0.0
1700000313000,False,max-open-orders,0.0,0.0,0.0,False,0.0
1700000313500,False,max-open-orders,0.0,0.0,0.0,False,0.0
1700000314000,False,max-open-orders,0.0,0.0,0.0,False,0.0
1700000314500,False,max-open-orders,0.0,0.0,0.0,False,0.0
1700000315000,False,max-open-orders,0.0,0.0,0.0,False,0.0
1700000315500,False,max-open-orders,0.0,0.0,0.0,False,0.0
1700000316000,False,max-open-orders,0.0,0.0,0.0,False,0.0
1700000316500,False,max-open-orders,0.0,0.0,0.0,False,0.0
1700000317000,False,max-open-orders,0.0,0.0,0.0,False,0.0
1700000317500,False,max-open-orders,0.0,0.0,0.0,False,0.0
1700000318000,False,max-open-orders,0.0,0.0,0.0,False,0.0
1700000318500,False,max-open-orders,0.0,0.0,0.0,False,0.0
1700000319000,False,max-open-orders,0.0,0.0,0.0,False,0.0
1700000319500,False,max-open-orders,0.0,0.0,0.0,False,0.0
1700000320000,False,max-open-orders,0.0,0.0,0.0,False,0.0
1700000320500,False,max-open-orders,0.0,0.0,0.0,False,0.0
1700000321000,False,max-open-orders,0.0,0.0,0.0,False,0.0
1700000321500,False,max-open-orders,0.0,0.0,0.0,False,0.0
1700000322000,False,max-open-orders,0.0,0.0,0.0,False,0.0
1700000322500,False,max-open-orders,0.0,0.0,0.0,False,0.0
1700000323000,False,max-open-orders,0.0,0.0,0.0,False,0.0
1700000323500,False,max-open-orders,0.0,0.0,0.0,False,0.0
1700000324000,False,max-open-orders,0.0,0.0,0.0,False,0.0
1700000324500,False,max-open-orders,0.0,0.0,0.0,False,0.0
1700000325000,False,max-open-orders,0.0,0.0,0.0,False,0.0
1700000325500,False,max-open-orders,0.0,0.0,0.0,False,0.0
1700000326000,False,max-open-orders,0.0,0.0,0.0,False,0.0
1700000326500,False,max-open-orders,0.0,0.0,0.0,False,0.0
1700000327000,False,max-open-orders,0.0,0.0,0.0,False,0.0
1700000327500,False,max-open-orders,0.0,0.0,0.0,False,0.0
1700000328000,False,max-open-orders,0.0,0.0,0.0,False,0.0
1700000328500,False,max-open-orders,0.0,0.0,0.0,False,0.0
1700000329000,False,max-open-orders,0.0,0.0,0.0,False,0.0
1700000329500,False,max-open-orders,0.0,0.0,0.0,False,0.0
1700000330000,False,max-open-orders,0.0,0.0,0.0,False,0.0
1700000330500,False,max-open-orders,0.0,0.0,0.0,False,0.0
1700000331000,False,max-open-orders,0.0,0.0,0.0,False,0.0
1700000331500,False,max-open-orders,0.0,0.0,0.0,False,0.0
1700000332000,False,max-open-orders,0.0,0.0,0.0,False,0.0
1700000332500,False,max-open-orders,0.0,0.0,0.0,False,0.0
1700000333000,False,max-open-orders,0.0,0.0,0.0,False,0.0
1700000333500,False,max-open-orders,0.0,0.0,0.0,False,0.0
1700000334000,False,max-open-orders,0.0,0.0,0.0,False,0.0
1700000334500,False,max-open-orders,0.0,0.0,0.0,False,0.0
1700000335000,False,max-open-orders,0.0,0.0,0.0,False,0.0
1700000335500,False,max-open-orders,0.0,0.0,0.0,False,0.0
1700000336000,False,max-open-orders,0.0,0.0,0.0,False,0.0
1700000336500,False,max-open-orders,0.0,0.0,0.0,False,0.0
1700000337000,False,max-open-orders,0.0,0.0,0.0,False,0.0
1700000337500,False,max-open-orders,0.0,0.0,0.0,False,0.0
1700000338000,False,max-open-orders,0.0,0.0,0.0,False,0.0
1700000338500,False,max-open-orders,0.0,0.0,0.0,False,0.0
1700000339000,False,max-open-orders,0.0,0.0,0.0,False,0.0
1700000339500,False,max-open-orders,0.0,0.0,0.0,False,0.0
1700000340000,False,max-open-orders,0.0,0.0,0.0,False,0.0
1700000340500,False,max-open-orders,0.0,0.0,0.0,False,0.0
1700000341000,False,max-open-orders,0.0,0.0,0.0,False,0.0
1700000341500,False,max-open-orders,0.0,0.0,0.0,False,0.0
1700000342000,False,max-open-orders,0.0,0.0,0.0,False,0.0
1700000342500,False,max-open-orders,0.0,0.0,0.0,False,0.0
1700000343000,False,max-open-orders,0.0,0.0,0.0,False,0.0
1700000343500,False,max-open-orders,0.0,0.0,0.0,False,0.0
1700000344000,False,max-open-orders,0.0,0.0,0.0,False,0.0
1700000344500,False,max-open-orders,0.0,0.0,0.0,False,0.0
1700000345000,False,max-open-orders,0.0,0.0,0.0,False,0.0
1700000345500,False,max-open-orders,0.0,0.0,0.0,False,0.0
1700000346000,False,max-open-orders,0.0,0.0,0.0,False,0.0
1700000346500,False,max-open-orders,0.0,0.0,0.0,False,0.0
1700000347000,False,max-open-orders,0.0,0.0,0.0,False,0.0
1700000347500,False,max-open-orders,0.0,0.0,0.0,False,0.0
1700000348000,False,max-open-orders,0.0,0.0,0.0,False,0.0
1700000348500,False,max-open-orders,0.0,0.0,0.0,False,0.0
1700000349000,False,max-open-orders,0.0,0.0,0.0,False,0.0
1700000349500,False,max-open-orders,0.0,0.0,0.0,False,0.0
1700000350000,False,max-open-orders,0.0,0.0,0.0,False,0.0
1700000350500,False,max-open-orders,0.0,0.0,0.0,False,0.0
1700000351000,False,max-open-orders,0.0,0.0,0.0,False,0.0
1700000351500,False,max-open-orders,0.0,0.0,0.0,False,0.0
1700000352000,False,max-open-orders,0.0,0.0,0.0,False,0.0
1700000352500,False,max-open-orders,0.0,0.0,0.0,False,0.0
1700000353000,False,max-open-orders,0.0,0.0,0.0,False,0.0
1700000353500,False,max-open-orders,0.0,0.0,0.0,False,0.0
1700000354000,False,max-open-orders,0.0,0.0,0.0,False,0.0
1700000354500,False,max-open-orders,0.0,0.0,0.0,False,0.0
1700000355000,False,max-open-orders,0.0,0.0,0.0,False,0.0
1700000355500,False,max-open-orders,0.0,0.0,0.0,False,0.0
1700000356000,False,max-open-orders,0.0,0.0,0.0,False,0.0
1700000356500,False,max-open-orders,0.0,0.0,0.0,False,0.0
1700000357000,False,max-open-orders,0.0,0.0,0.0,False,0.0
1700000357500,False,max-open-orders,0.0,0.0,0.0,False,0.0
1700000358000,False,max-open-orders,0.0,0.0,0.0,False,0.0
1700000358500,False,max-open-orders,0.0,0.0,0.0,False,0.0
1700000359000,False,max-open-orders,0.0,0.0,0.0,False,0.0
1700000359500,False,max-open-orders,0.0,0.0,0.0,False,0.0
1700000360000,False,max-open-orders,0.0,0.0,0.0,False,0.0
1700000360500,False,max-open-orders,0.0,0.0,0.0,False,0.0
1700000361000,False,max-open-orders,0.0,0.0,0.0,False,0.0
1700000361500,False,max-open-orders,0.0,0.0,0.0,False,0.0
1700000362000,False,max-open-orders,0.0,0.0,0.0,False,0.0
1700000362500,False,max-open-orders,0.0,0.0,0.0,False,0.0
1700000363000,False,max-open-orders,0.0,0.0,0.0,False,0.0
1700000363500,False,max-open-orders,0.0,0.0,0.0,False,0.0
1700000364000,False,max-open-orders,0.0,0.0,0.0,False,0.0
1700000364500,False,max-open-orders,0.0,0.0,0.0,False,0.0
1700000365000,False,max-open-orders,0.0,0.0,0.0,False,0.0
1700000365500,False,max-open-orders,0.0,0.0,0.0,False,0.0
1700000366000,False,max-open-orders,0.0,0.0,0.0,False,0.0
1700000366500,False,max-open-orders,0.0,0.0,0.0,False,0.0
1700000367000,False,max-open-orders,0.0,0.0,0.0,False,0.0
1700000367500,False,max-open-orders,0.0,0.0,0.0,False,0.0
1700000368000,False,max-open-orders,0.0,0.0,0.0,False,0.0
1700000368500,False,max-open-orders,0.0,0.0,0.0,False,0.0
1700000369000,False,max-open-orders,0.0,0.0,0.0,False,0.0
1700000369500,False,max-open-orders,0.0,0.0,0.0,False,0.0
1700000370000,False,max-open-orders,0.0,0.0,0.0,False,0.0
1700000370500,False,max-open-orders,0.0,0.0,0.0,False,0.0
1700000371000,False,max-open-orders,0.0,0.0,0.0,False,0.0
1700000371500,False,max-open-orders,0.0,0.0,0.0,False,0.0
1700000372000,False,max-open-orders,0.0,0.0,0.0,False,0.0
1700000372500,False,max-open-orders,0.0,0.0,0.0,False,0.0
1700000373000,False,max-open-orders,0.0,0.0,0.0,False,0.0
1700000373500,False,max-open-orders,0.0,0.0,0.0,False,0.0
1700000374000,False,max-open-orders,0.0,0.0,0.0,False,0.0
1700000374500,False,max-open-orders,0.0,0.0,0.0,False,0.0
1700000375000,False,max-open-orders,0.0,0.0,0.0,False,0.0
1700000375500,False,max-open-orders,0.0,0.0,0.0,False,0.0
1700000376000,False,max-open-orders,0.0,0.0,0.0,False,0.0
1700000376500,False,max-open-orders,0.0,0.0,0.0,False,0.0
1700000377000,False,max-open-orders,0.0,0.0,0.0,False,0.0
1700000377500,False,max-open-orders,0.0,0.0,0.0,False,0.0
1700000378000,False,max-open-orders,0.0,0.0,0.0,False,0.0
1700000378500,False,max-open-orders,0.0,0.0,0.0,False,0.0
1700000379000,False,max-open-orders,0.0,0.0,0.0,False,0.0
1700000379500,False,max-open-orders,0.0,0.0,0.0,False,0.0
1700000380000,False,max-open-orders,0.0,0.0,0.0,False,0.0
1700000380500,False,max-open-orders,0.0,0.0,0.0,False,0.0
1700000381000,False,max-open-orders,0.0,0.0,0.0,False,0.0
1700000381500,False,max-open-orders,0.0,0.0,0.0,False,0.0
1700000382000,False,max-open-orders,0.0,0.0,0.0,False,0.0
1700000382500,False,max-open-orders,0.0,0.0,0.0,False,0.0
1700000383000,False,max-open-orders,0.0,0.0,0.0,False,0.0
1700000383500,False,max-open-orders,0.0,0.0,0.0,False,0.0
1700000384000,False,max-open-orders,0.0,0.0,0.0,False,0.0
1700000384500,False,max-open-orders,0.0,0.0,0.0,False,0.0
1700000385000,False,max-open-orders,0.0,0.0,0.0,False,0.0
1700000385500,False,max-open-orders,0.0,0.0,0.0,False,0.0
1700000386000,False,max-open-orders,0.0,0.0,0.0,False,0.0
1700000386500,False,max-open-orders,0.0,0.0,0.0,False,0.0
1700000387000,False,max-open-orders,0.0,0.0,0.0,False,0.0
1700000387500,False,max-open-orders,0.0,0.0,0.0,False,0.0
1700000388000,False,max-open-orders,0.0,0.0,0.0,False,0.0
1700000388500,False,max-open-orders,0.0,0.0,0.0,False,0.0
1700000389000,False,max-open-orders,0.0,0.0,0.0,False,0.0
1700000389500,False,max-open-orders,0.0,0.0,0.0,False,0.0
1700000390000,False,max-open-orders,0.0,0.0,0.0,False,0.0
1700000390500,False,max-open-orders,0.0,0.0,0.0,False,0.0
1700000391000,False,max-open-orders,0.0,0.0,0.0,False,0.0
1700000391500,False,max-open-orders,0.0,0.0,0.0,False,0.0
1700000392000,False,max-open-orders,0.0,0.0,0.0,False,0.0
1700000392500,False,max-open-orders,0.0,0.0,0.0,False,0.0
1700000393000,False,max-open-orders,0.0,0.0,0.0,False,0.0
1700000393500,False,max-open-orders,0.0,0.0,0.0,False,0.0
1700000394000,False,max-open-orders,0.0,0.0,0.0,False,0.0
1700000394500,False,max-open-orders,0.0,0.0,0.0,False,0.0
1700000395000,False,max-open-orders,0.0,0.0,0.0,False,0.0
1700000395500,False,max-open-orders,0.0,0.0,0.0,False,0.0
1700000396000,False,max-open-orders,0.0,0.0,0.0,False,0.0
1700000396500,False,max-open-orders,0.0,0.0,0.0,False,0.0
1700000397000,False,max-open-orders,0.0,0.0,0.0,False,0.0
1700000397500,False,max-open-orders,0.0,0.0,0.0,False,0.0
1700000398000,False,max-open-orders,0.0,0.0,0.0,False,0.0
1700000398500,False,max-open-orders,0.0,0.0,0.0,False,0.0
1700000399000,False,max-open-orders,0.0,0.0,0.0,False,0.0
1700000399500,False,max-open-orders,0.0,0.0,0.0,False,0.0
1700000400000,False,max-open-orders,0.0,0.0,0.0,False,0.0
1700000400500,False,max-open-orders,0.0,0.0,0.0,False,0.0
1700000401000,False,max-open-orders,0.0,0.0,0.0,False,0.0
1700000401500,False,max-open-orders,0.0,0.0,0.0,False,0.0
1700000402000,False,max-open-orders,0.0,0.0,0.0,False,0.0
1700000402500,False,max-open-orders,0.0,0.0,0.0,False,0.0
1700000403000,False,max-open-orders,0.0,0.0,0.0,False,0.0
1700000403500,False,max-open-orders,0.0,0.0,0.0,False,0.0
1700000404000,False,max-open-orders,0.0,0.0,0.0,False,0.0
1700000404500,False,max-open-orders,0.0,0.0,0.0,False,0.0
1700000405000,False,max-open-orders,0.0,0.0,0.0,False,0.0
1700000405500,False,max-open-orders,0.0,0.0,0.0,False,0.0
1700000406000,False,max-open-orders,0.0,0.0,0.0,False,0.0
1700000406500,False,max-open-orders,0.0,0.0,0.0,False,0.0
1700000407000,False,max-open-orders,0.0,0.0,0.0,False,0.0
1700000407500,False,max-open-orders,0.0,0.0,0.0,False,0.0
1700000408000,False,max-open-orders,0.0,0.0,0.0,False,0.0
1700000408500,False,max-open-orders,0.0,0.0,0.0,False,0.0
1700000409000,False,max-open-orders,0.0,0.0,0.0,False,0.0
1700000409500,False,max-open-orders,0.0,0.0,0.0,False,0.0
1700000410000,False,max-open-orders,0.0,0.0,0.0,False,0.0
1700000410500,False,max-open-orders,0.0,0.0,0.0,False,0.0
1700000411000,False,max-open-orders,0.0,0.0,0.0,False,0.0
1700000411500,False,max-open-orders,0.0,0.0,0.0,False,0.0
1700000412000,False,max-open-orders,0.0,0.0,0.0,False,0.0
1700000412500,False,max-open-orders,0.0,0.0,0.0,False,0.0
1700000413000,False,max-open-orders,0.0,0.0,0.0,False,0.0
1700000413500,False,max-open-orders,0.0,0.0,0.0,False,0.0
1700000414000,False,max-open-orders,0.0,0.0,0.0,False,0.0
1700000414500,False,max-open-orders,0.0,0.0,0.0,False,0.0
1700000415000,False,max-open-orders,0.0,0.0,0.0,False,0.0
1700000415500,False,max-open-orders,0.0,0.0,0.0,False,0.0
1700000416000,False,max-open-orders,0.0,0.0,0.0,False,0.0
1700000416500,False,max-open-orders,0.0,0.0,0.0,False,0.0
1700000417000,False,max-open-orders,0.0,0.0,0.0,False,0.0
1700000417500,False,max-open-orders,0.0,0.0,0.0,False,0.0
1700000418000,False,max-open-orders,0.0,0.0,0.0,False,0.0
1700000418500,False,max-open-orders,0.0,0.0,0.0,False,0.0
1700000419000,False,max-open-orders,0.0,0.0,0.0,False,0.0
1700000419500,False,max-open-orders,0.0,0.0,0.0,False,0.0
1700000420000,False,max-open-orders,0.0,0.0,0.0,False,0.0
1700000420500,False,max-open-orders,0.0,0.0,0.0,False,0.0
1700000421000,False,max-open-orders,0.0,0.0,0.0,False,0.0
1700000421500,False,max-open-orders,0.0,0.0,0.0,False,0.0
1700000422000,False,max-open-orders,0.0,0.0,0.0,False,0.0
1700000422500,False,max-open-orders,0.0,0.0,0.0,False,0.0
1700000423000,False,max-open-orders,0.0,0.0,0.0,False,0.0
1700000423500,False,max-open-orders,0.0,0.0,0.0,False,0.0
1700000424000,False,max-open-orders,0.0,0.0,0.0,False,0.0
1700000424500,False,max-open-orders,0.0,0.0,0.0,False,0.0
1700000425000,False,max-open-orders,0.0,0.0,0.0,False,0.0
1700000425500,False,max-open-orders,0.0,0.0,0.0,False,0.0
1700000426000,False,max-open-orders,0.0,0.0,0.0,False,0.0
1700000426500,False,max-open-orders,0.0,0.0,0.0,False,0.0
1700000427000,False,max-open-orders,0.0,0.0,0.0,False,0.0
1700000427500,False,max-open-orders,0.0,0.0,0.0,False,0.0
1700000428000,False,max-open-orders,0.0,0.0,0.0,False,0.0
1700000428500,False,max-open-orders,0.0,0.0,0.0,False,0.0
1700000429000,False,max-open-orders,0.0,0.0,0.0,False,0.0
1700000429500,False,max-open-orders,0.0,0.0,0.0,False,0.0
1700000430000,False,max-open-orders,0.0,0.0,0.0,False,0.0
1700000430500,False,max-open-orders,0.0,0.0,0.0,False,0.0
1700000431000,False,max-open-orders,0.0,0.0,0.0,False,0.0
1700000431500,False,max-open-orders,0.0,0.0,0.0,False,0.0
1700000432000,False,max-open-orders,0.0,0.0,0.0,False,0.0
1700000432500,False,max-open-orders,0.0,0.0,0.0,False,0.0
1700000433000,False,max-open-orders,0.0,0.0,0.0,False,0.0
1700000433500,False,max-open-orders,0.0,0.0,0.0,False,0.0
1700000434000,False,max-open-orders,0.0,0.0,0.0,False,0.0
1700000434500,False,max-open-orders,0.0,0.0,0.0,False,0.0
1700000435000,False,max-open-orders,0.0,0.0,0.0,False,0.0
1700000435500,False,max-open-orders,0.0,0.0,0.0,False,0.0
1700000436000,False,max-open-orders,0.0,0.0,0.0,False,0.0
1700000436500,False,max-open-orders,0.0,0.0,0.0,False,0.0
1700000437000,False,max-open-orders,0.0,0.0,0.0,False,0.0
1700000437500,False,max-open-orders,0.0,0.0,0.0,False,0.0
1700000438000,False,max-open-orders,0.0,0.0,0.0,False,0.0
1700000438500,False,max-open-orders,0.0,0.0,0.0,False,0.0
1700000439000,False,max-open-orders,0.0,0.0,0.0,False,0.0
1700000439500,False,max-open-orders,0.0,0.0,0.0,False,0.0
1700000440000,False,max-open-orders,0.0,0.0,0.0,False,0.0
1700000440500,False,max-open-orders,0.0,0.0,0.0,False,0.0
1700000441000,False,max-open-orders,0.0,0.0,0.0,False,0.0
1700000441500,False,max-open-orders,0.0,0.0,0.0,False,0.0
1700000442000,False,max-open-orders,0.0,0.0,0.0,False,0.0
1700000442500,False,max-open-orders,0.0,0.0,0.0,False,0.0
1700000443000,False,max-open-orders,0.0,0.0,0.0,False,0.0
1700000443500,False,max-open-orders,0.0,0.0,0.0,False,0.0
1700000444000,False,max-open-orders,0.0,0.0,0.0,False,0.0
1700000444500,False,max-open-orders,0.0,0.0,0.0,False,0.0
1700000445000,False,max-open-orders,0.0,0.0,0.0,False,0.0
1700000445500,False,max-open-orders,0.0,0.0,0.0,False,0.0
1700000446000,False,max-open-orders,0.0,0.0,0.0,False,0.0
1700000446500,False,max-open-orders,0.0,0.0,0.0,False,0.0
1700000447000,False,max-open-orders,0.0,0.0,0.0,False,0.0
1700000447500,False,max-open-orders,0.0,0.0,0.0,False,0.0
1700000448000,False,max-open-orders,0.0,0.0,0.0,False,0.0
1700000448500,False,max-open-orders,0.0,0.0,0.0,False,0.0
1700000449000,False,max-open-orders,0.0,0.0,0.0,False,0.0
1700000449500,False,max-open-orders,0.0,0.0,0.0,False,0.0
1700000450000,False,max-open-orders,0.0,0.0,0.0,False,0.0
1700000450500,False,max-open-orders,0.0,0.0,0.0,False,0.0
1700000451000,False,max-open-orders,0.0,0.0,0.0,False,0.0
1700000451500,False,max-open-orders,0.0,0.0,0.0,False,0.0
1700000452000,False,max-open-orders,0.0,0.0,0.0,False,0.0
1700000452500,False,max-open-orders,0.0,0.0,0.0,False,0.0
1700000453000,False,max-open-orders,0.0,0.0,0.0,False,0.0
1700000453500,False,max-open-orders,0.0,0.0,0.0,False,0.0
1700000454000,False,max-open-orders,0.0,0.0,0.0,False,0.0
1700000454500,False,max-open-orders,0.0,0.0,0.0,False,0.0
1700000455000,False,max-open-orders,0.0,0.0,0.0,False,0.0
1700000455500,False,max-open-orders,0.0,0.0,0.0,False,0.0
1700000456000,False,max-open-orders,0.0,0.0,0.0,False,0.0
1700000456500,False,max-open-orders,0.0,0.0,0.0,False,0.0
1700000457000,False,max-open-orders,0.0,0.0,0.0,False,0.0
1700000457500,False,max-open-orders,0.0,0.0,0.0,False,0.0
1700000458000,False,max-open-orders,0.0,0.0,0.0,False,0.0
1700000458500,False,max-open-orders,0.0,0.0,0.0,False,0.0
1700000459000,False,max-open-orders,0.0,0.0,0.0,False,0.0
1700000459500,False,max-open-orders,0.0,0.0,0.0,False,0.0
1700000460000,False,max-open-orders,0.0,0.0,0.0,False,0.0
1700000460500,False,max-open-orders,0.0,0.0,0.0,False,0.0
1700000461000,False,max-open-orders,0.0,0.0,0.0,False,0.0
1700000461500,False,max-open-orders,0.0,0.0,0.0,False,0.0
1700000462000,False,max-open-orders,0.0,0.0,0.0,False,0.0
1700000462500,False,max-open-orders,0.0,0.0,0.0,False,0.0
1700000463000,False,max-open-orders,0.0,0.0,0.0,False,0.0
1700000463500,False,max-open-orders,0.0,0.0,0.0,False,0.0
1700000464000,False,max-open-orders,0.0,0.0,0.0,False,0.0
1700000464500,False,max-open-orders,0.0,0.0,0.0,False,0.0
1700000465000,False,max-open-orders,0.0,0.0,0.0,False,0.0
1700000465500,False,max-open-orders,0.0,0.0,0.0,False,0.0
1700000466000,False,max-open-orders,0.0,0.0,0.0,False,0.0
1700000466500,False,max-open-orders,0.0,0.0,0.0,False,0.0
1700000467000,False,max-open-orders,0.0,0.0,0.0,False,0.0
1700000467500,False,max-open-orders,0.0,0.0,0.0,False,0.0
1700000468000,False,max-open-orders,0.0,0.0,0.0,False,0.0
1700000468500,False,max-open-orders,0.0,0.0,0.0,False,0.0
1700000469000,False,max-open-orders,0.0,0.0,0.0,False,0.0
1700000469500,False,max-open-orders,0.0,0.0,0.0,False,0.0
1700000470000,False,max-open-orders,0.0,0.0,0.0,False,0.0
1700000470500,False,max-open-orders,0.0,0.0,0.0,False,0.0
1700000471000,False,max-open-orders,0.0,0.0,0.0,False,0.0
1700000471500,False,max-open-orders,0.0,0.0,0.0,False,0.0
1700000472000,False,max-open-orders,0.0,0.0,0.0,False,0.0
1700000472500,False,max-open-orders,0.0,0.0,0.0,False,0.0
1700000473000,False,max-open-orders,0.0,0.0,0.0,False,0.0
1700000473500,False,max-open-orders,0.0,0.0,0.0,False,0.0
1700000474000,False,max-open-orders,0.0,0.0,0.0,False,0.0
1700000474500,False,max-open-orders,0.0,0.0,0.0,False,0.0
1700000475000,False,max-open-orders,0.0,0.0,0.0,False,0.0
1700000475500,False,max-open-orders,0.0,0.0,0.0,False,0.0
1700000476000,False,max-open-orders,0.0,0.0,0.0,False,0.0
1700000476500,False,max-open-orders,0.0,0.0,0.0,False,0.0
1700000477000,False,max-open-orders,0.0,0.0,0.0,False,0.0
1700000477500,False,max-open-orders,0.0,0.0,0.0,False,0.0
1700000478000,False,max-open-orders,0.0,0.0,0.0,False,0.0
1700000478500,False,max-open-orders,0.0,0.0,0.0,False,0.0
1700000479000,False,max-open-orders,0.0,0.0,0.0,False,0.0
1700000479500,False,max-open-orders,0.0,0.0,0.0,False,0.0
1700000480000,False,max-open-orders,0.0,0.0,0.0,False,0.0
1700000480500,False,max-open-orders,0.0,0.0,0.0,False,0.0
1700000481000,False,max-open-orders,0.0,0.0,0.0,False,0.0
1700000481500,False,max-open-orders,0.0,0.0,0.0,False,0.0
1700000482000,False,max-open-orders,0.0,0.0,0.0,False,0.0
1700000482500,False,max-open-orders,0.0,0.0,0.0,False,0.0
1700000483000,False,max-open-orders,0.0,0.0,0.0,False,0.0
1700000483500,False,max-open-orders,0.0,0.0,0.0,False,0.0
1700000484000,False,max-open-orders,0.0,0.0,0.0,False,0.0
1700000484500,False,max-open-orders,0.0,0.0,0.0,False,0.0
1700000485000,False,max-open-orders,0.0,0.0,0.0,False,0.0
1700000485500,False,max-open-orders,0.0,0.0,0.0,False,0.0
1700000486000,False,max-open-orders,0.0,0.0,0.0,False,0.0
1700000486500,False,max-open-orders,0.0,0.0,0.0,False,0.0
1700000487000,False,max-open-orders,0.0,0.0,0.0,False,0.0
1700000487500,False,max-open-orders,0.0,0.0,0.0,False,0.0
1700000488000,False,max-open-orders,0.0,0.0,0.0,False,0.0
1700000488500,False,max-open-orders,0.0,0.0,0.0,False,0.0
1700000489000,False,max-open-orders,0.0,0.0,0.0,False,0.0
1700000489500,False,max-open-orders,0.0,0.0,0.0,False,0.0
1700000490000,False,max-open-orders,0.0,0.0,0.0,False,0.0
1700000490500,False,max-open-orders,0.0,0.0,0.0,False,0.0
1700000491000,False,max-open-orders,0.0,0.0,0.0,False,0.0
1700000491500,False,max-open-orders,0.0,0.0,0.0,False,0.0
1700000492000,False,max-open-orders,0.0,0.0,0.0,False,0.0
1700000492500,False,max-open-orders,0.0,0.0,0.0,False,0.0
1700000493000,False,max-open-orders,0.0,0.0,0.0,False,0.0
1700000493500,False,max-open-orders,0.0,0.0,0.0,False,0.0
1700000494000,False,max-open-orders,0.0,0.0,0.0,False,0.0
1700000494500,False,max-open-orders,0.0,0.0,0.0,False,0.0
1700000495000,False,max-open-orders,0.0,0.0,0.0,False,0.0
1700000495500,False,max-open-orders,0.0,0.0,0.0,False,0.0
1700000496000,False,max-open-orders,0.0,0.0,0.0,False,0.0
1700000496500,False,max-open-orders,0.0,0.0,0.0,False,0.0
1700000497000,False,max-open-orders,0.0,0.0,0.0,False,0.0
1700000497500,False,max-open-orders,0.0,0.0,0.0,False,0.0
1700000498000,False,max-open-orders,0.0,0.0,0.0,False,0.0
1700000498500,False,max-open-orders,0.0,0.0,0.0,False,0.0
1700000499000,False,max-open-orders,0.0,0.0,0.0,False,0.0
1700000499500,False,max-open-orders,0.0,0.0,0.0,False,0.0
1700000500000,False,max-open-orders,0.0,0.0,0.0,False,0.0
1700000500500,False,max-open-orders,0.0,0.0,0.0,False,0.0
1700000501000,False,max-open-orders,0.0,0.0,0.0,False,0.0
1700000501500,False,max-open-orders,0.0,0.0,0.0,False,0.0
1700000502000,False,max-open-orders,0.0,0.0,0.0,False,0.0
1700000502500,False,max-open-orders,0.0,0.0,0.0,False,0.0
1700000503000,False,max-open-orders,0.0,0.0,0.0,False,0.0
1700000503500,False,max-open-orders,0.0,0.0,0.0,False,0.0
1700000504000,False,max-open-orders,0.0,0.0,0.0,False,0.0
1700000504500,False,max-open-orders,0.0,0.0,0.0,False,0.0
1700000505000,False,max-open-orders,0.0,0.0,0.0,False,0.0
1700000505500,False,max-open-orders,0.0,0.0,0.0,False,0.0
1700000506000,False,max-open-orders,0.0,0.0,0.0,False,0.0
1700000506500,False,max-open-orders,0.0,0.0,0.0,False,0.0
1700000507000,False,max-open-orders,0.0,0.0,0.0,False,0.0
1700000507500,False,max-open-orders,0.0,0.0,0.0,False,0.0
1700000508000,False,max-open-orders,0.0,0.0,0.0,False,0.0
1700000508500,False,max-open-orders,0.0,0.0,0.0,False,0.0
1700000509000,False,max-open-orders,0.0,0.0,0.0,False,0.0
1700000509500,False,max-open-orders,0.0,0.0,0.0,False,0.0
1700000510000,False,max-open-orders,0.0,0.0,0.0,False,0.0
1700000510500,False,max-open-orders,0.0,0.0,0.0,False,0.0
1700000511000,False,max-open-orders,0.0,0.0,0.0,False,0.0
1700000511500,False,max-open-orders,0.0,0.0,0.0,False,0.0
1700000512000,False,max-open-orders,0.0,0.0,0.0,False,0.0
1700000512500,False,max-open-orders,0.0,0.0,0.0,False,0.0
1700000513000,False,max-open-orders,0.0,0.0,0.0,False,0.0
1700000513500,False,max-open-orders,0.0,0.0,0.0,False,0.0
1700000514000,False,max-open-orders,0.0,0.0,0.0,False,0.0
1700000514500,False,max-open-orders,0.0,0.0,0.0,False,0.0
1700000515000,False,max-open-orders,0.0,0.0,0.0,False,0.0
1700000515500,False,max-open-orders,0.0,0.0,0.0,False,0.0
1700000516000,False,max-open-orders,0.0,0.0,0.0,False,0.0
1700000516500,False,max-open-orders,0.0,0.0,0.0,False,0.0
1700000517000,False,max-open-orders,0.0,0.0,0.0,False,0.0
1700000517500,False,max-open-orders,0.0,0.0,0.0,False,0.0
1700000518000,False,max-open-orders,0.0,0.0,0.0,False,0.0
1700000518500,False,max-open-orders,0.0,0.0,0.0,False,0.0
1700000519000,False,max-open-orders,0.0,0.0,0.0,False,0.0
1700000519500,False,max-open-orders,0.0,0.0,0.0,False,0.0
1700000520000,False,max-open-orders,0.0,0.0,0.0,False,0.0
1700000520500,False,max-open-orders,0.0,0.0,0.0,False,0.0
1700000521000,False,max-open-orders,0.0,0.0,0.0,False,0.0
1700000521500,False,max-open-orders,0.0,0.0,0.0,False,0.0
1700000522000,False,max-open-orders,0.0,0.0,0.0,False,0.0
1700000522500,False,max-open-orders,0.0,0.0,0.0,False,0.0
1700000523000,False,max-open-orders,0.0,0.0,0.0,False,0.0
1700000523500,False,max-open-orders,0.0,0.0,0.0,False,0.0
1700000524000,False,max-open-orders,0.0,0.0,0.0,False,0.0
1700000524500,False,max-open-orders,0.0,0.0,0.0,False,0.0
1700000525000,False,max-open-orders,0.0,0.0,0.0,False,0.0
1700000525500,False,max-open-orders,0.0,0.0,0.0,False,0.0
1700000526000,False,max-open-orders,0.0,0.0,0.0,False,0.0
1700000526500,False,max-open-orders,0.0,0.0,0.0,False,0.0
1700000527000,False,max-open-orders,0.0,0.0,0.0,False,0.0
1700000527500,False,max-open-orders,0.0,0.0,0.0,False,0.0
1700000528000,False,max-open-orders,0.0,0.0,0.0,False,0.0
1700000528500,False,max-open-orders,0.0,0.0,0.0,False,0.0
1700000529000,False,max-open-orders,0.0,0.0,0.0,False,0.0
1700000529500,False,max-open-orders,0.0,0.0,0.0,False,0.0
1700000530000,False,max-open-orders,0.0,0.0,0.0,False,0.0
1700000530500,False,max-open-orders,0.0,0.0,0.0,False,0.0
1700000531000,False,max-open-orders,0.0,0.0,0.0,False,0.0
1700000531500,False,max-open-orders,0.0,0.0,0.0,False,0.0
1700000532000,False,max-open-orders,0.0,0.0,0.0,False,0.0
1700000532500,False,max-open-orders,0.0,0.0,0.0,False,0.0
1700000533000,False,max-open-orders,0.0,0.0,0.0,False,0.0
1700000533500,False,max-open-orders,0.0,0.0,0.0,False,0.0
1700000534000,False,max-open-orders,0.0,0.0,0.0,False,0.0
1700000534500,False,max-open-orders,0.0,0.0,0.0,False,0.0
1700000535000,False,max-open-orders,0.0,0.0,0.0,False,0.0
1700000535500,False,max-open-orders,0.0,0.0,0.0,False,0.0
1700000536000,False,max-open-orders,0.0,0.0,0.0,False,0.0
1700000536500,False,max-open-orders,0.0,0.0,0.0,False,0.0
1700000537000,False,max-open-orders,0.0,0.0,0.0,False,0.0
1700000537500,False,max-open-orders,0.0,0.0,0.0,False,0.0
1700000538000,False,max-open-orders,0.0,0.0,0.0,False,0.0
1700000538500,False,max-open-orders,0.0,0.0,0.0,False,0.0
1700000539000,False,max-open-orders,0.0,0.0,0.0,False,0.0
1700000539500,False,max-open-orders,0.0,0.0,0.0,False,0.0
1700000540000,False,max-open-orders,0.0,0.0,0.0,False,0.0
1700000540500,False,max-open-orders,0.0,0.0,0.0,False,0.0
1700000541000,False,max-open-orders,0.0,0.0,0.0,False,0.0
1700000541500,False,max-open-orders,0.0,0.0,0.0,False,0.0
1700000542000,False,max-open-orders,0.0,0.0,0.0,False,0.0
1700000542500,False,max-open-orders,0.0,0.0,0.0,False,0.0
1700000543000,False,max-open-orders,0.0,0.0,0.0,False,0.0
1700000543500,False,max-open-orders,0.0,0.0,0.0,False,0.0
1700000544000,False,max-open-orders,0.0,0.0,0.0,False,0.0
1700000544500,False,max-open-orders,0.0,0.0,0.0,False,0.0
1700000545000,False,max-open-orders,0.0,0.0,0.0,False,0.0
1700000545500,False,max-open-orders,0.0,0.0,0.0,False,0.0
1700000546000,False,max-open-orders,0.0,0.0,0.0,False,0.0
1700000546500,False,max-open-orders,0.0,0.0,0.0,False,0.0
1700000547000,False,max-open-orders,0.0,0.0,0.0,False,0.0
1700000547500,False,max-open-orders,0.0,0.0,0.0,False,0.0
1700000548000,False,max-open-orders,0.0,0.0,0.0,False,0.0
1700000548500,False,max-open-orders,0.0,0.0,0.0,False,0.0
1700000549000,False,max-open-orders,0.0,0.0,0.0,False,0.0
1700000549500,False,max-open-orders,0.0,0.0,0.0,False,0.0
1700000550000,False,max-open-orders,0.0,0.0,0.0,False,0.0
1700000550500,False,max-open-orders,0.0,0.0,0.0,False,0.0
1700000551000,False,max-open-orders,0.0,0.0,0.0,False,0.0
1700000551500,False,max-open-orders,0.0,0.0,0.0,False,0.0
1700000552000,False,max-open-orders,0.0,0.0,0.0,False,0.0
1700000552500,False,max-open-orders,0.0,0.0,0.0,False,0.0
1700000553000,False,max-open-orders,0.0,0.0,0.0,False,0.0
1700000553500,False,max-open-orders,0.0,0.0,0.0,False,0.0
1700000554000,False,max-open-orders,0.0,0.0,0.0,False,0.0
1700000554500,False,max-open-orders,0.0,0.0,0.0,False,0.0
1700000555000,False,max-open-orders,0.0,0.0,0.0,False,0.0
1700000555500,False,max-open-orders,0.0,0.0,0.0,False,0.0
1700000556000,False,max-open-orders,0.0,0.0,0.0,False,0.0
1700000556500,False,max-open-orders,0.0,0.0,0.0,False,0.0
1700000557000,False,max-open-orders,0.0,0.0,0.0,False,0.0
1700000557500,False,max-open-orders,0.0,0.0,0.0,False,0.0
1700000558000,False,max-open-orders,0.0,0.0,0.0,False,0.0
1700000558500,False,max-open-orders,0.0,0.0,0.0,False,0.0
1700000559000,False,max-open-orders,0.0,0.0,0.0,False,0.0
1700000559500,False,max-open-orders,0.0,0.0,0.0,False,0.0
1700000560000,False,max-open-orders,0.0,0.0,0.0,False,0.0
1700000560500,False,max-open-orders,0.0,0.0,0.0,False,0.0
1700000561000,False,max-open-orders,0.0,0.0,0.0,False,0.0
1700000561500,False,max-open-orders,0.0,0.0,0.0,False,0.0
1700000562000,False,max-open-orders,0.0,0.0,0.0,False,0.0
1700000562500,False,max-open-orders,0.0,0.0,0.0,False,0.0
1700000563000,False,max-open-orders,0.0,0.0,0.0,False,0.0
1700000563500,False,max-open-orders,0.0,0.0,0.0,False,0.0
1700000564000,False,max-open-orders,0.0,0.0,0.0,False,0.0
1700000564500,False,max-open-orders,0.0,0.0,0.0,False,0.0
1700000565000,False,max-open-orders,0.0,0.0,0.0,False,0.0
1700000565500,False,max-open-orders,0.0,0.0,0.0,False,0.0
1700000566000,False,max-open-orders,0.0,0.0,0.0,False,0.0
1700000566500,False,max-open-orders,0.0,0.0,0.0,False,0.0
1700000567000,False,max-open-orders,0.0,0.0,0.0,False,0.0
1700000567500,False,max-open-orders,0.0,0.0,0.0,False,0.0
1700000568000,False,max-open-orders,0.0,0.0,0.0,False,0.0
1700000568500,False,max-open-orders,0.0,0.0,0.0,False,0.0
1700000569000,False,max-open-orders,0.0,0.0,0.0,False,0.0
1700000569500,False,max-open-orders,0.0,0.0,0.0,False,0.0
1700000570000,False,max-open-orders,0.0,0.0,0.0,False,0.0
1700000570500,False,max-open-orders,0.0,0.0,0.0,False,0.0
1700000571000,False,max-open-orders,0.0,0.0,0.0,False,0.0
1700000571500,False,max-open-orders,0.0,0.0,0.0,False,0.0
1700000572000,False,max-open-orders,0.0,0.0,0.0,False,0.0
1700000572500,False,max-open-orders,0.0,0.0,0.0,False,0.0
1700000573000,False,max-open-orders,0.0,0.0,0.0,False,0.0
1700000573500,False,max-open-orders,0.0,0.0,0.0,False,0.0
1700000574000,False,max-open-orders,0.0,0.0,0.0,False,0.0
1700000574500,False,max-open-orders,0.0,0.0,0.0,False,0.0
1700000575000,False,max-open-orders,0.0,0.0,0.0,False,0.0
1700000575500,False,max-open-orders,0.0,0.0,0.0,False,0.0
1700000576000,False,max-open-orders,0.0,0.0,0.0,False,0.0
1700000576500,False,max-open-orders,0.0,0.0,0.0,False,0.0
1700000577000,False,max-open-orders,0.0,0.0,0.0,False,0.0
1700000577500,False,max-open-orders,0.0,0.0,0.0,False,0.0
1700000578000,False,max-open-orders,0.0,0.0,0.0,False,0.0
1700000578500,False,max-open-orders,0.0,0.0,0.0,False,0.0
1700000579000,False,max-open-orders,0.0,0.0,0.0,False,0.0
1700000579500,False,max-open-orders,0.0,0.0,0.0,False,0.0
1700000580000,False,max-open-orders,0.0,0.0,0.0,False,0.0
1700000580500,False,max-open-orders,0.0,0.0,0.0,False,0.0
1700000581000,False,max-open-orders,0.0,0.0,0.0,False,0.0
1700000581500,False,max-open-orders,0.0,0.0,0.0,False,0.0
1700000582000,False,max-open-orders,0.0,0.0,0.0,False,0.0
1700000582500,False,max-open-orders,0.0,0.0,0.0,False,0.0
1700000583000,False,max-open-orders,0.0,0.0,0.0,False,0.0
1700000583500,False,max-open-orders,0.0,0.0,0.0,False,0.0
1700000584000,False,max-open-orders,0.0,0.0,0.0,False,0.0
1700000584500,False,max-open-orders,0.0,0.0,0.0,False,0.0
1700000585000,False,max-open-orders,0.0,0.0,0.0,False,0.0
1700000585500,False,max-open-orders,0.0,0.0,0.0,False,0.0
1700000586000,False,max-open-orders,0.0,0.0,0.0,False,0.0
1700000586500,False,max-open-orders,0.0,0.0,0.0,False,0.0
1700000587000,False,max-open-orders,0.0,0.0,0.0,False,0.0
1700000587500,False,max-open-orders,0.0,0.0,0.0,False,0.0
1700000588000,False,max-open-orders,0.0,0.0,0.0,False,0.0
1700000588500,False,max-open-orders,0.0,0.0,0.0,False,0.0
1700000589000,False,max-open-orders,0.0,0.0,0.0,False,0.0
1700000589500,False,max-open-orders,0.0,0.0,0.0,False,0.0
1700000590000,False,max-open-orders,0.0,0.0,0.0,False,0.0
1700000590500,False,max-open-orders,0.0,0.0,0.0,False,0.0
1700000591000,False,max-open-orders,0.0,0.0,0.0,False,0.0
1700000591500,False,max-open-orders,0.0,0.0,0.0,False,0.0
1700000592000,False,max-open-orders,0.0,0.0,0.0,False,0.0
1700000592500,False,max-open-orders,0.0,0.0,0.0,False,0.0
1700000593000,False,max-open-orders,0.0,0.0,0.0,False,0.0
1700000593500,False,max-open-orders,0.0,0.0,0.0,False,0.0
1700000594000,False,max-open-orders,0.0,0.0,0.0,False,0.0
1700000594500,False,max-open-orders,0.0,0.0,0.0,False,0.0
1700000595000,False,max-open-orders,0.0,0.0,0.0,False,0.0
1700000595500,False,max-open-orders,0.0,0.0,0.0,False,0.0
1700000596000,False,max-open-orders,0.0,0.0,0.0,False,0.0
1700000596500,False,max-open-orders,0.0,0.0,0.0,False,0.0
1700000597000,False,max-open-orders,0.0,0.0,0.0,False,0.0
1700000597500,False,max-open-orders,0.0,0.0,0.0,False,0.0
1700000598000,False,max-open-orders,0.0,0.0,0.0,False,0.0
1700000598500,False,max-open-orders,0.0,0.0,0.0,False,0.0
1700000599000,False,max-open-orders,0.0,0.0,0.0,False,0.0
1700000599500,False,max-open-orders,0.0,0.0,0.0,False,0.0
